"ehl;bw;fhd 
xl;Lnkhj;j 
gzk; 
J}ajhf;fy;/gaq;futhjp 
epjpaspj;jy; 
,lh;Neh;T"
"eLj;justhdjhf kjpg;gplg;gl;lJ."
"Njrpa ,lh;Neh;T kjpg;gPl;il mbg;gilahff;nfhz;L> ,yq;ifapd; gzk;J}ajhf;fYf;nfjpuhd"
"kw;Wk; 
gaq;futhjj;jpw;F 
epjpaspj;jiy 
xopj;jy; 
njhlh;ghd 
Njrpa 
nfhs;if"
"tiuag;gl;lJld; ,yq;ifapd; gzk; J}ajhf;fy;/gaq;futhjp epjpaspj;jiy nraw;wpwd;kpf;f"
"tpjj;jpy; 
Kwpabg;gij 
,dq;fhz;gjw;fhd 
,ilntspfis 
jPh;g;gjw;F 
xt;nthU"
"Mh;tyh;fSf;fhd  midj;ijAKs;slf;fpa  eltbf;ifj;  jpl;lq;fs;  jahhpf;fg;gl;ld.  gzk;"
"J}ajhf;fYf;nfjpuhd/gaq;futhjj;jpw;F  epjpasj;jiy  xopj;jy;  Njrpa  nfhs;if  kw;Wk;"
"Mh;tyh;fs; mbg;gilapyhd eltbf;ifj; jpl;lq;fSf;F 2023.08.07 md;W mikr;ruitahy;"
"mDkjpaspf;fg;gl;lJ.  Njrpa  ,lh;Neh;T  kjpg;gPL  Nkw;nfhs;sg;gl;l  rpy  tpje;Jiug;Gf;fs;"
"njhlh;Gila  rl;lq;fSf;fhd mtrpakhd jpUj;jq;fis nfhz;LtUjy;> Gjpa rl;lq;fis"
"mwpKfg;gLj;jy;> 
epWtdrhh; 
fl;likg;ig 
tYg;gLj;Jjy;> 
tprhuizahsh;fs;>"
"tof;Fj;njhLeh;fs;> 
e
Pjpj;Jiw> 
Nkw;ghh;itahsh;fs;  MfpNahUf;fhd 
jpwd; 
tpUj;jp>"
"cz;ikr;nrhj;J Kfth;fs;> mUikahd cNyhfq;fs; kw;Wk; fw;fs; njhlh;ghd tzpfh;fs;>"
"#jhl;l tpLjpfs;> fzf;fhsh;fs; kw;Wk; rl;lj;juzpfs; Nghd;w ngah;Fwpf;fg;gl;l epjpay;yh"
"tpahghu 
kw;Wk; 
njhopy;Jiwfspd; 
Nkw;ghh;itfis 
mjpfhpj;jy; 
Nghd;wtw;iw"
"cs;slf;Ffpd;wd.  NkYk;>  midj;ijAKs;slf;fpa  juTj;jsq;fis  cUthf;Fjy;  kw;Wk;"
"gzk; 
J}ajhf;fy;/gaq;futhjp 
epjpaspj;jy; 
njhlh;ghd 
tof;Fj;njhLj;jy; 
kw;Wk;"
"Fw;wj;jPh;g;Gf;fis 
tpiuTgLj;Jtjw;fhd 
eltbf;iffis 
vLj;jy; 
Nghd;wdTk;"
",dq;fhzg;gl;l mNjNtis NkYk;> gzk; J}ajhf;fy;/gaq;futhjp epjpaspj;jYf;F vjpuhd"
"Nghuhl;lj;jpy; Kftuhz;ikfSf;fhd xj;Jiog;ig Nkk;gLj;Jtjw;F tpje;Jiuf;fg;gl;lJ."
"2"
