"වෘන,නකා පන්ැාකුවෘ,නසහගයන්ැාකුවෘ,නප්‍රපේ ද්ශීයන්ාවෘර්ධ්‍යන්ැාකුේදනගා සන පර්යපකයන්නේසසන"
"් නපයේේදීනමැවෘැ්තේවෘයනම ද,නිසිසධ්‍න යනේය ගයපනක්‍රසනළිවේ නමවෘශයනමුපසැි යන්හන පක්  න"
"උමේන් න ක්ප ැම සන ් හපන මවෘශයන දපගය ආය යන වෘකන ිවේය ජි න  පර්යපකනන ේසිකදීන ළිිකටුවෘුපන"
"කැේේ."
"ිසශ වෘිසනයපකනඋමපධාධ්‍පීමන්න් හපනඇදම සන යනේය ගයපනක්‍රසයනයටේ්තන යනක්ප ැම සටනමවෘශයන"
"සපර්ේ  මේද්ශන ්මයයන මමයයයන ්ාවෘර්ධ්‍යන සණ්ටකේේන  පර්යපකයක්න,න රා රන හපන සධ්‍යන මිපසප න"
"වෘයපමපදන වෘකටන මවෘශයන  පක් ික න උමේන් න ක්පදීසටන මනපුවෘන  ර්සපන් න ්ාවෘර්ධ්‍යන සණ්ටකේේන"
"පර්යපකයක්නනේසසනගා සනේ්යවෘපවෘන 2ුනක්‍රියප්තස නේද."
"්ාචපද නක්ේ යත්‍රයටන ප්‍රිනද්ධ්‍නනකුණුනමුපේ්තන්ාචපද යන්න් හපන්්ත පද නිවවෘප්නාHomestay)න"
"මවෘ්තවෘපේ යනයපසටනමේප්ත ක් පන දයනමයටනමනපුනවෘයපමති නමුපසැි යනක්ප ැම සන් හපන්ාචපද න"
"්ාවෘර්ධ්‍යනමධා පිපේේන පර්යපකයක්නනසපර් 2න23නමැවෘැ්තේවෘයනවෘැලි සනඑන්ටර්ප්‍රි් න්‍රීනකා පනගා සන"
"පර්යපකේේදීනක්‍රියප්තස න දයන්ැිසන්නවෘයවෘ්පය යන්නහටන සනවෘයපමපදන් හපනලිලි නමහරා ම්න"
"ිනයල්කනඑක්නවෘහකක්නයටේ්තනමහරාේවෘන්නක්ප ැම සටනහැිරවෘුපනඇ ."
"ජනල්නමසප යනමාශයනිසිනන්න්ාිසධ්‍පයයන දුපනක්යනේසසනඑන්ටර්ප්‍රි් න්‍රිනකා පනදීමවෘයපප්ත  නගා සන"
"ේ්යවෘපේදන ප්‍රනසන මවෘ් නපවෘටන මසප යන සා කන ්සදීරදන ,න සලික්න ්සදිසක්‍රසන හපන ේග න්න මසද 2ා න"
"සහ්තවෘරුන්නන්හභපගීනේද."
