"","நிதி, ச ொருளொ ொர நிகலப று மற்றும்  ப சிய சகொள்கககள்  அகமெ்சு",""
"ම","MINISTRY OF FINANCE, ECONOMIC STABILIZATION & NATIONAL POLICIES",""
"හලේකම් කාර්යාලය, ලකාළඹ 01,","செயலகம் , சகொழும் பு 01,","The Secretariat, Colombo 01,"
"ශ්‍රී ලංකාව.","இலங் கக.","Sri Lanka."
"ක
 
ාර්යාලය            011 - 2484500","ෆැක්ස්","ලවබ් අඩවිය"
"அலுவலகம்   
 
   011 - 2484600","ச ொகலநகல்       011 - 2449823","இகைய ளம்      www.treasury.gov.lk"
"Office 
 
  011 - 2484700","Fax","Website"
"ම
 
 
 
     
ලේ අංකය","ඔලබ් අංකය","දිනය"
"எனது இல","உமது இல","11.10.2023 
 
திகதி"
"My No","Your No","Date"
