"ඒ  අ(cid:489)ව  (cid:251)ෙල(cid:676)(cid:574)ට(cid:601)  21.5ක  (cid:464)ර(cid:251)(cid:486)  සම(cid:486)(cid:618)ත  ෙය(cid:676)(cid:335)ත  ෙක(cid:675)(cid:376)ටාව,  (cid:657)(cid:489)(cid:536)(cid:377)ය  (cid:464)(cid:572)(cid:604)ය"
"මා(cid:601)ගය සඳහා මහරගම නගරය ඇ(cid:433)ළ(cid:430) කළ හැ(cid:251) බව නාග(cid:604)ක සංව(cid:601)ධන අ(cid:477)කා(cid:605) (cid:487)ලධා(cid:605)(cid:657)"
"අ(cid:286)ාමාත(cid:597)වරයා හ(cid:575)ෙ(cid:617) (cid:251)යා (cid:646)(cid:377)යහ."
"මා(cid:601)ග  තදබදය  ෙහ(cid:674)(cid:433)ෙව(cid:486)  2019  වසර  (cid:433)ළ  (cid:463)  (cid:636)  ලංකාවට  (cid:646)(cid:464)  (cid:621)  ෛද(cid:487)ක  ආ(cid:601)(cid:450)ක"
"අලාභය  (cid:606)(cid:536)ය(cid:610)  (cid:573)(cid:611)යන  1000(cid:250)  ෙලස  ගණ(cid:486)  බලා  (cid:431)ෙ(cid:553).  ඊට  එ(cid:250)  (cid:618)ස(cid:511)(cid:572)(cid:250)  ෙලස  ව(cid:430)ම(cid:486)"
"රජය  ම(cid:281)(cid:486)  ප(cid:648)(cid:281)ය  දා  ආර(cid:572)භ  කළ  (cid:646)(cid:377)  බස්  ව(cid:597)ාපෘ(cid:431)ය  ෙ(cid:572)  වන  (cid:618)ට  සා(cid:601)ථකව  (cid:257)යා(cid:430)මක"
"ෙව(cid:573)(cid:486)  පව(cid:432).  (cid:646)ය  ෙප(cid:677)(cid:458)ග(cid:611)ක  වාහනව(cid:611)(cid:486)  ෙක(cid:675)ළඹ  නගරයට  පැ(cid:573)ෙණන  ජනතාව  (cid:646)(cid:377)  බස්"
"ව(cid:597)ාපෘ(cid:431)ය හරහා ෙමම (cid:464)(cid:572)(cid:604)ය මා(cid:601)ග ප(cid:458)ධ(cid:431)යට ස(cid:572)බ(cid:486)ධ (cid:251)(cid:605)ම ෙමම ව(cid:597)ාපෘ(cid:431)ෙ(cid:591) අර(cid:575)ණ(cid:592)."
"වසර  හතර(cid:251)(cid:486)  වැඩ  අවස(cid:486)  (cid:251)(cid:605)මට  අෙ(cid:535)(cid:250)(cid:639)ත  රාජ(cid:597)  සහ  ෙප(cid:677)(cid:458)ග(cid:611)ක  සහෙය(cid:676)(cid:282)තා"
"ව(cid:597)ාපෘ(cid:431)ය(cid:250)  (Public  Private  Partnership) ෙලස  (cid:257)යා(cid:430)මක  ෙ(cid:572)  සඳහා  අෙම(cid:604)කා(cid:489)  ෙඩ(cid:675)ල(cid:601)"
"(cid:573)(cid:611)යන 5000ක ඍ(cid:337) (cid:618)ෙ(cid:458)ශ ආෙය(cid:676)ජනය(cid:251). 6% රජෙ(cid:591) දායක(cid:430)ව(cid:250) ද ෙමම ව(cid:597)ාපෘ(cid:431)ය සඳහා"
"ලබා  (cid:463)මට  ෙය(cid:676)(cid:335)ත  ය.  ෙමම  (cid:464)(cid:572)(cid:604)ය  ව(cid:597)ාපෘ(cid:431)ය  ම(cid:281)(cid:486)  පමණ(cid:250)  ෛද(cid:487)කව  (cid:606)(cid:536)ය(cid:610)  (cid:573)(cid:611)යන"
"550ක පමණ ඉ(cid:431)(cid:604)ය(cid:250) අෙ(cid:535)(cid:250)ෂා ෙකෙ(cid:601)."
"ෙමම  ව(cid:597)ාපෘ(cid:431)ය  සඳහා  (cid:618)ෙ(cid:458)ශ  ආෙය(cid:676)ජකය(cid:486)  ස(cid:572)බ(cid:486)ධ  කර  ගැ(cid:488)ෙ(cid:572)  (cid:463)  ඔ(cid:620)(cid:486)ෙ(cid:280)"
"ඉ(cid:610)(cid:612)(cid:572)  (cid:646)ය(cid:610)ල  ෙහ(cid:675)(cid:509)(cid:486)  සලකා  බලන  ෙලස  උපෙදස්  ලබා  (cid:464)(cid:486)  අ(cid:286)ාමාත(cid:597)(cid:433)මා  (cid:251)යා  (cid:646)(cid:377)ෙ(cid:591)"
"එම වග(cid:252)ම නාග(cid:604)ක සංව(cid:601)ධන අ(cid:477)කා(cid:604)ෙ(cid:591) බලධා(cid:605)(cid:486) ස(cid:433) වන බව(cid:592)."
"(cid:575)ද(cid:610)  රාජ(cid:597)  අමාත(cid:597)  අ(cid:335)(cid:430)  (cid:487)වා(cid:394)  ක(cid:553)රා(cid:610),  භා(cid:412)ඩාගාර  ෙ(cid:610)ක(cid:572) එස්.  ආ(cid:601).  ආ(cid:377)ගල"
"ඇ(cid:433)(cid:666) (cid:536)(cid:604)ස(cid:250) ද ෙමම අවස්ථාවට එ(cid:250) (cid:621)හ."
