"රාජ්ය න බැශකුන ේවෘමන ඉදිරිද්තන   න විට,න උ්තවවෘන වමේ න දීන ංවෘය න  ටයුතුන වඳාාන ේමමන දාසු මන"
"ේ ොනාන ලැනීමටන ාැකිවෘයන ේව න ංනාලන බැශකුන විිය්නඑමන ණ න මුනලන ේව වෘ  ්ේ නගිණුම්වෘලටන බැරන"
"රනුනලැේේ.න"
"රජ්යේ න විශ්රාමලාභී්න වඳාාන විශ්රාමන වෘැටුප්න ේනදාේමේම්්තුවෘ්ත,න වමත්ගධිලාභී්න වඳාාන වමත්ගධින"
"වශවෘේධයන ේනදාේමේම්්තුවෘන විියනු්තන ේමමන දරිපූර න ණ න දාසු මන ලබාන ලැනීමටන ංවෘය න"
"ිකිළේඛඛ්යයම නදාසු ම්නනවද නුනලැේේ.නඉාමනවඳා්නරාජ්ය නබැශකුවෘලනමමනගිණුම්නදවෘ්තවෘාේලයන"
"නුන ලබයන ත්රීහවිලේ,න දාවඛන වෘෑ්න ාාන බව්රාන හිමිකය ්,න ේද ්ගලික න බව්රාන ේව වෘ  ්න වෘැිවන ං න"
"වඳාා,න මම්ේ න බැශකුන ගිණුමන දවෘ්තවෘාේලයන  නුන ලබයන රාජ්ය න බැශකුවෘන ේවෘමන මමන ජ්යාි  න"
"ාැඳුනුම්දමනඉදිරිද්තන රනේමමනවායනණ නමුනලනවඳාානඉඛුමම්න  නාැකි .නේමමනලය ටනං ්තන"
"ේයොවෘයන රාජ්ය න බැශකුවෘලන න ගිණුම්න දවෘ්තවෘාේලයන  නුන ලබයන දනිව න රැකි ාවෘලන ේ ේන්ය්න"
"වඳාානනනේමමනමූල නදාසු මනලබාලැනීමනවඳාානංනා නරාජ්ය නබැශකුේවෘ්නණ නඉඛුමම්න  නාැකින"
"ංමර,නණ නේලවීේම්නාැකි ාවෘනංනුවෘනබැශකුවෘනවිිය්නංනා නණ නදාසු මනලබාේනනුනඇම.න"
"ේමමනදරිපූර නඋේ ලනණ නදාසු මනලබානලැනීමනවඳාානිය ුමමනරාජ්ය නංශයේ නවානේද ්ගලික න"
"ංශයේ න ආ මයවෘලන පූේණන වාේ ෝල න ඔවු්ේ න ේව වෘ ින්ටන ලබාන දීමට්ත,  ේමමන දාසු මන"
"්රිට ා්තම න කිරීමන වඳාාන ඉාමන වඳා්න බැශකුන වමසන වම්බ්කර රණ න කිරීමට්තන  ටයුතුන  රනුන"
"ඇමැිනනංි ලරුනජ්යයාධිදි තුමානංේප්් ෂාන රින."
