"The  project  involves  the  design,  supply,  constructing,","testing,  and  commissioning  of  a  220kV  single-circuit"
"underground cable system linking the Kerawalapitiya Switching Station to the Colombo Port L Grid Substation. As",""
"the second underground cable on this route, it will complement the first line commissioned in 2019, which will soon",""
"be insufficient to meet the projected electricity demand in the Greater Colombo area. The new transmission line is",""
"critical for ensuring uninterrupted power supply, maintaining grid stability, and enabling the evacuation of renewable",""
"energy from the northern and eastern regions towards major load centers in Colombo.",""
"Once  operational,  the  project  is  expected  to  benefit  local  communities,  urban  services,  and  businesses  in  the",""
"Greater Colombo development area by providing a stable and reliable electricity supply. It will also directly support",""
"the  growing  power  needs  of  the  upcoming  special  economic  zone,  while  indirectly  reducing  the  risk  of  major",""
"blackouts—delivering considerable economic and social benefits.",""
"This project stands as a strong testament to the deepening partnership between AIIB and Sri Lanka, a founding",""
"member of the Bank. So far, AIIB has supported five transformative projects in the country, with a total financing of",""
"USD 534 million across the energy, transport, and urban sectors - driving sustainable growth and development.",""
